PolicyID,RiderID
H001,RDR001
H001,RDR002
H001,RDR003
H001,RDR004
H001,RDR005
H001,RDR006
H001,RDR008
H001,RDR027
H001,RDR028
H001,RDR029
H001,RDR030
H001,RDR031
H001,RDR032
R001,RDR001
R001,RDR002
R001,RDR004
R001,RDR005
R001,RDR009
R001,RDR011
R001,RDR013
R001,RDR014
M001,RDR001
M001,RDR002
M001,RDR004
M001,RDR005
M001,RDR016
M001,RDR017
M001,RDR018
M001,RDR019
M001,RDR020
M001,RDR030
L001,RDR001
L001,RDR002
L001,RDR003
L001,RDR004
L001,RDR005
L001,RDR006
L001,RDR020
L001,RDR021
L001,RDR022
L001,RDR023
L001,RDR024
L001,RDR028
L001,RDR030
L001,RDR031
