PolicyHolderID,RiderID
PH001,RDR006
PH001,RDR030
PH002,RDR017
PH002,RDR018
PH002,RDR005
PH002,RDR002
PH002,RDR016
PH003,RDR003
PH003,RDR028
PH003,RDR030
PH003,RDR001
PH003,RDR004
PH004,RDR014
PH004,RDR009
PH005,RDR003
PH005,RDR002
PH005,RDR028
PH005,RDR004
PH006,RDR001
PH006,RDR004
PH007,RDR031
PH007,RDR032
PH007,RDR008
PH008,RDR004
PH008,RDR014
PH009,RDR023
PH010,RDR020
PH010,RDR006
PH010,RDR023
PH010,RDR022
PH011,RDR001
PH011,RDR028
PH011,RDR005
PH012,RDR006
PH012,RDR001
PH012,RDR031
PH012,RDR002
PH013,RDR017
PH013,RDR001
PH013,RDR020
PH013,RDR005
PH014,RDR008
PH015,RDR020
PH015,RDR005
PH015,RDR030
PH016,RDR005
PH016,RDR001
PH016,RDR009
PH017,RDR009
PH017,RDR014
PH017,RDR005
PH017,RDR001
PH018,RDR011
PH018,RDR013
PH019,RDR004
PH020,RDR004
PH020,RDR020
PH020,RDR031
PH021,RDR032
PH021,RDR030
PH021,RDR003
PH021,RDR031
PH021,RDR008
PH022,RDR005
PH022,RDR016
PH022,RDR019
PH022,RDR004
PH023,RDR005
PH023,RDR014
PH023,RDR001
PH024,RDR019
PH024,RDR001
PH024,RDR020
PH024,RDR016
PH024,RDR017
PH025,RDR001
